keyword,article_number,headline,link,date,source,domain,crawl_timestamp,method
dogecoin news,1,Musk spat with Trump and exit from DOGE bad for Dogecoin,https://www.cnbc.com/2025/06/05/musk-spat-with-trump-and-exit-from-doge-bad-for-dogecoin.html,Recent,cnbc.com,cnbc.com,2025-06-09 12:40:00,Selenium+RSS
dogecoin news,2,Dogecoin’s Growth Pattern Hints At Massive June–July Rally After 5-Month Pullback — TradingView News,https://www.tradingview.com/news/newsbtc:49c29995d094b:0-dogecoin-s-growth-pattern-hints-at-massive-june-july-rally-after-5-month-pullback/,Recent,tradingview.com,tradingview.com,2025-06-09 12:40:00,Selenium+RSS
dogecoin news,3,Is Dogecoin Still Worth a Look? | The Motley Fool,https://www.fool.com/investing/2025/06/07/is-dogecoin-still-worth-a-look/,Recent,fool.com,fool.com,2025-06-09 12:40:00,Selenium+RSS
dogecoin news,4,Why Coinbase Brought Dogecoin and XRP to Ethereum Network Base - Decrypt,https://decrypt.co/323907/why-coinbase-brought-dogecoin-xrp-ethereum-network-base,Recent,decrypt.co,decrypt.co,2025-06-09 12:40:00,Selenium+RSS
dogecoin news,5,Is Dogecoin Ready To Explode? Crypto CEO Explains Why A DOGE Rally Is Possible | Bitcoinist.com,https://bitcoinist.com/dogecoin-price-ready-to-explode-crypto-ceo-explains/,Recent,bitcoinist.com,bitcoinist.com,2025-06-09 12:40:00,Selenium+RSS
cardano news,1,"Cardano (ADA) Surges 3% After Dramatic 10% Plunge, Finds 'Strong Support'",https://www.coindesk.com/markets/2025/06/06/cardano-surges-3-after-dramatic-10-plunge-finds-strong-support,Recent,coindesk.com,coindesk.com,2025-06-09 12:41:34,Selenium+RSS
cardano news,2,"Cardano Gets Wall Street Boost With Nasdaq Index Inclusion, ADA Community Reacts",https://u.today/cardano-gets-wall-street-boost-with-nasdaq-index-inclusion-ada-community-reacts,Recent,u.today,u.today,2025-06-09 12:41:34,Selenium+RSS
cardano news,3,Former Cardano COO Warns Against National Bias in US Crypto Reserve Strategy – Interview Bitcoin News,https://news.bitcoin.com/former-cardano-coo-warns-against-national-bias-in-us-crypto-reserve-strategy/,Recent,news.bitcoin.com,news.bitcoin.com,2025-06-09 12:41:34,Selenium+RSS
cardano news,4,Cardano Unveils 39 Proposals Under New Budget Framework,https://bitcoinist.com/cardano-39-proposals-under-new-budget-framework/,Recent,bitcoinist.com,bitcoinist.com,2025-06-09 12:41:34,Selenium+RSS
cardano news,5,"Nasdaq Adds XRP, SOL, ADA, XLM to Crypto Index",https://www.cryptotimes.io/2025/06/07/nasdaq-adds-xrp-sol-ada-xlm-to-crypto-index/,Recent,cryptotimes.io,cryptotimes.io,2025-06-09 12:41:34,Selenium+RSS
bitcoin price,1,Is Bitcoin price rally to $150K possible by year's end?,https://cointelegraph.com/news/is-bitcoin-price-rally-to-150k-possible-by-year-end,Recent,cointelegraph.com,cointelegraph.com,2025-06-09 12:42:35,Selenium+RSS
bitcoin price,2,Bitcoin Price Watch: Cup and Handle Pattern Signals Potential Surge – Markets and Prices Bitcoin News,https://news.bitcoin.com/bitcoin-price-watch-cup-and-handle-pattern-signals-potential-surge/,Recent,news.bitcoin.com,news.bitcoin.com,2025-06-09 12:42:35,Selenium+RSS
bitcoin price,3,"Bitcoin Price (BTC) Prediction: Price Bounce to Near $104K, Though Encouraging, Falls Short of Bull Revival",https://www.coindesk.com/markets/2025/06/06/btc-price-bounce-to-near-usd104k-though-encouraging-is-still-short-of-bull-revival,Recent,coindesk.com,coindesk.com,2025-06-09 12:42:35,Selenium+RSS
bitcoin price,4,Two Bitcoin Support Levels to Watch as Price Turns Bullish,https://beincrypto.com/bitcoin-price-correction-support-levels-to-watch/,Recent,beincrypto.com,beincrypto.com,2025-06-09 12:42:35,Selenium+RSS
bitcoin price,5,"Bitcoin price today: Token above $1,05,700; crypto market in green — latest updates | Stock Market News",https://www.livemint.com/market/cryptocurrency/bitcoin-price-today-token-above-1-05-700-levels-cryptocurrency-market-cap-in-green-ethreum-solana-tether-latest-updates-11749430727009.html,Recent,livemint.com,livemint.com,2025-06-09 12:42:35,Selenium+RSS
crypto news,1,'Bitcoin Family' changed security after recent crypto kidnappings,https://www.cnbc.com/2025/06/07/bitcoin-family-crypto-security-kidnappings.html,Recent,cnbc.com,cnbc.com,2025-06-09 12:43:27,Selenium+RSS
crypto news,2,Bitcoin Family Splits Seed Phrase Across Four Continents After Crypto Attacks,https://cointelegraph.com/news/bitcoin-family-splits-seed-phrase-global-security-upgrade,Recent,cointelegraph.com,cointelegraph.com,2025-06-09 12:43:27,Selenium+RSS
crypto news,3,Report: ‘Bitcoin Family’ Ditches Hardware Wallets for Steel Seeds After Global Crypto Kidnapping Scare – Crypto News Bitcoin News,https://news.bitcoin.com/report-bitcoin-family-ditches-hardware-wallets-for-steel-seeds-after-global-crypto-kidnapping-scare/,Recent,news.bitcoin.com,news.bitcoin.com,2025-06-09 12:43:27,Selenium+RSS
crypto news,4,XRP News Today: Spot ETF Buzz and Court Filing Hype Lift XRP Outlook; BTC Hovers | FXEmpire,https://www.fxempire.com/forecasts/article/xrp-news-today-spot-etf-buzz-and-court-filing-hype-lift-xrp-outlook-btc-hovers-1524552,Recent,fxempire.com,fxempire.com,2025-06-09 12:43:27,Selenium+RSS
crypto news,5,XRP Added to Nasdaq Crypto US Settlement Price Index – Featured Bitcoin News,https://news.bitcoin.com/xrp-added-to-nasdaq-crypto-us-settlement-price-index/,Recent,news.bitcoin.com,news.bitcoin.com,2025-06-09 12:43:27,Selenium+RSS
xrp news,1,XRP Added to Nasdaq Crypto US Settlement Price Index – Featured Bitcoin News,https://news.bitcoin.com/xrp-added-to-nasdaq-crypto-us-settlement-price-index/,Recent,news.bitcoin.com,news.bitcoin.com,2025-06-09 12:44:39,Selenium+RSS
xrp news,2,Is XRP About to Disappear From Exchanges? Here’s What You Need to Know I’ve been closely watching X | hakeem rajput on Binance Square,https://www.binance.com/en/square/post/25219449019450,Recent,binance.com,binance.com,2025-06-09 12:44:39,Selenium+RSS
xrp news,3,XRP News Today: Legal Standoff Caps Gains—Can ETF Hopes Fuel a Breakout? | FXEmpire,https://www.fxempire.com/forecasts/article/xrp-news-today-legal-standoff-caps-gains-can-etf-hopes-fuel-a-breakout-1524508,Recent,fxempire.com,fxempire.com,2025-06-09 12:44:39,Selenium+RSS
xrp news,4,"XRP Price Watch: Momentum Stalls, But Breakout Potential Builds – Markets and Prices Bitcoin News",https://news.bitcoin.com/xrp-price-watch-momentum-stalls-but-breakout-potential-builds/,Recent,news.bitcoin.com,news.bitcoin.com,2025-06-09 12:44:39,Selenium+RSS
xrp news,5,Death Cross Hints at Trap for XRP Bulls,https://u.today/death-cross-hints-at-trap-for-xrp-bulls,Recent,u.today,u.today,2025-06-09 12:44:39,Selenium+RSS
ethereum price,1,Ethereum (ETH) Price Prediction for June 8,https://u.today/ethereum-eth-price-prediction-for-june-8,Recent,u.today,u.today,2025-06-09 12:46:21,Selenium+RSS
ethereum price,2,Ethereum Price Performance Could Hinge On This Binance Metric — Here’s Why — TradingView News,https://www.tradingview.com/news/newsbtc:a7f2bb5cc094b:0-ethereum-price-performance-could-hinge-on-this-binance-metric-here-s-why/,Recent,tradingview.com,tradingview.com,2025-06-09 12:46:21,Selenium+RSS
ethereum price,3,"Price predictions 6/6: BTC, ETH, XRP, BNB, SOL, DOGE, ADA, HYPE, SUI, LINK",https://cointelegraph.com/news/price-predictions-6-6-btc-eth-xrp-bnb-sol-doge-ada-hype-sui-link,Recent,cointelegraph.com,cointelegraph.com,2025-06-09 12:46:21,Selenium+RSS
ethereum price,4,"Ethereum Price Analysis: ETH Stabilizes Above $2,500 on Strong ETF Flows",https://www.coindesk.com/markets/2025/06/07/ether-holds-steady-above-usd2-500-as-etf-demand-signals-institutional-confidence,Recent,coindesk.com,coindesk.com,2025-06-09 12:46:21,Selenium+RSS
ethereum price,5,"Bitcoin, Ethereum, and XRP Price Prediction: Bullish Reversal Ahead?",https://www.cryptotimes.io/2025/06/07/bitcoin-ethereum-and-xrp-price-prediction-bullish-reversal-ahead/,Recent,cryptotimes.io,cryptotimes.io,2025-06-09 12:46:21,Selenium+RSS
nft news,1,NFT artist relives ‘crypto tax nightmare’ in new song,https://cointelegraph.com/news/nft-artist-crypto-tax-nightmare-song,Recent,cointelegraph.com,cointelegraph.com,2025-06-09 12:47:19,Selenium+RSS
nft news,2,NFT market makes modest comeback as Bitcoin hits $105k level,https://crypto.news/nft-market-makes-modest-comeback-bitcoin-150k-level/,Recent,crypto.news,crypto.news,2025-06-09 12:47:19,Selenium+RSS
nft news,3,Musician’s $3M NFT Loss Sparks Move to 2025’s Best Altcoins,https://bitcoinist.com/3m-nft-loss-fuels-hunt-for-2025s-best-altcoins-to-buy/,Recent,bitcoinist.com,bitcoinist.com,2025-06-09 12:47:19,Selenium+RSS
nft news,4,FBI warns of NFT airdrop scams targeting Hedera Hashgraph wallets,https://www.bleepingcomputer.com/news/security/fbi-warns-of-nft-airdrop-scams-targeting-hedera-hashgraph-wallets/,Recent,bleepingcomputer.com,bleepingcomputer.com,2025-06-09 12:47:19,Selenium+RSS
nft news,5,The CryptoPunks NFTs are being sold to a non-profit art foundation | The Verge,https://www.theverge.com/news/665731/cryptopunks-nfts-sold-to-node-foundation-non-profit,Recent,theverge.com,theverge.com,2025-06-09 12:47:19,Selenium+RSS
shib,1,Shiba Inu (SHIB) Sees Intense Battle vs TON and XRP Rival,https://u.today/shiba-inu-shib-sees-intense-battle-vs-ton-and-xrp-rival,Recent,u.today,u.today,2025-06-09 12:48:35,Selenium+RSS
shib,2,"Shiba Inu’s (SHIB) Downturn Fuels Interest in Utility Tokens, Making Smart Investors Bet Big on Ruvi AI (RUVI)",https://www.msn.com/en-us/money/other/shiba-inu-s-shib-downturn-fuels-interest-in-utility-tokens-making-smart-investors-bet-big-on-ruvi-ai-ruvi/ar-AA1Gk7Z8?ocid=finance-verthp-feeds,Recent,msn.com,msn.com,2025-06-09 12:48:35,Selenium+RSS
shib,3,SHIB vs. XYZ: How Two Meme Coins Are Shaping Investor Attention for 2025 - The Tribune,https://www.tribuneindia.com/partner-exclusives/shib-vs-xyz-how-two-meme-coins-are-shaping-investor-attention-for-2025/,Recent,tribuneindia.com,tribuneindia.com,2025-06-09 12:48:35,Selenium+RSS
shib,4,Shiba Inu Teeters Near Breakdown As Resistance Holds Strong,https://www.tronweekly.com/shiba-inu-teeters-near-breakdown-as-resistance-holds-strong/,Recent,tronweekly.com,tronweekly.com,2025-06-09 12:48:35,Selenium+RSS
shib,5,Here is Price of 1 Shiba Inu if SHIB Market Share Reaches 5%,https://thecryptobasic.com/2025/06/08/here-is-price-of-1-shiba-inu-if-shib-market-share-reaches-5/,Recent,thecryptobasic.com,thecryptobasic.com,2025-06-09 12:48:35,Selenium+RSS
mexc,1,MEXC Launchpad Debuts With Discounted Bitcoin Subscriptions – Crypto News Bitcoin News,https://news.bitcoin.com/mexc-launchpad-debuts-with-discounted-bitcoin-subscriptions/,Recent,news.bitcoin.com,news.bitcoin.com,2025-06-09 12:49:29,Selenium+RSS
mexc,2,,https://www.binance.com/en/square/post/25354903913585,Recent,binance.com,binance.com,2025-06-09 12:49:29,Selenium+RSS
mexc,3,Tropical Storm Barbara forms off southwest coast of Mexico | PBS News,https://www.pbs.org/newshour/science/tropical-storm-barbara-forms-off-southwest-coast-of-mexico,Recent,pbs.org,pbs.org,2025-06-09 12:49:29,Selenium+RSS
mexc,4,MEXC Officially Unveils Launchpad Platform: Acquire BTC at,https://www.globenewswire.com/news-release/2025/06/06/3094981/0/en/MEXC-Officially-Unveils-Launchpad-Platform-Acquire-BTC-at-up-to-90-Discount.html,Recent,globenewswire.com,globenewswire.com,2025-06-09 12:49:29,Selenium+RSS
mexc,5,I've traveled to 150 countries. Why live in Mexico?,https://mexiconewsdaily.com/mexico-living/i-chose-to-live-in-mexico-heres-why/,Recent,mexiconewsdaily.com,mexiconewsdaily.com,2025-06-09 12:49:29,Selenium+RSS
binance,1,"Binance Exec Tigran Gambaryan Leaves Firm, Months After Nigerian Hostage Crisis - Decrypt",https://decrypt.co/324048/binance-tigran-gambaryan-leaves-firm-months-after-nigerian-hostage-crisis,Recent,decrypt.co,decrypt.co,2025-06-09 12:50:51,Selenium+RSS
binance,2,Ethereum Price Performance Could Hinge On This Binance Metric — Here’s Why — TradingView News,https://www.tradingview.com/news/newsbtc:a7f2bb5cc094b:0-ethereum-price-performance-could-hinge-on-this-binance-metric-here-s-why/,Recent,tradingview.com,tradingview.com,2025-06-09 12:50:51,Selenium+RSS
binance,3,AB Launches on Binance By Chainwire,https://www.investing.com/news/cryptocurrency-news/ab--launches-on-binance-4085847,Recent,investing.com,investing.com,2025-06-09 12:50:51,Selenium+RSS
binance,4,CZ Of Binance Is Making Waves With A Tweet About Success And HODL,https://www.cointribune.com/en/cz-of-binance-is-making-waves-with-a-tweet-about-success-and-hodl/,Recent,cointribune.com,cointribune.com,2025-06-09 12:50:51,Selenium+RSS
binance,5,Crypto Exec Formerly Detained in Nigeria Quits Binance,https://cointelegraph.com/news/tigran-gambaryan-formally-resigns-binance,Recent,cointelegraph.com,cointelegraph.com,2025-06-09 12:50:51,Selenium+RSS
okx,1,"Ethereum, Solana, and XRP: Cryptos Poised to Outperform Bitcoin in 2025 | OKX Europe",https://www.okx.com/en-eu/learn/ethereum-solana-xrp-outperform-bitcoin-2025,Recent,okx.com,okx.com,2025-06-09 12:51:39,Selenium+RSS
okx,2,"OKX and Blockworks Research release ""The Future of Blockchain Applications: Reshaping Global Industries"" report",https://www.prnewswire.com/apac/news-releases/okx-and-blockworks-research-release-the-future-of-blockchain-applications-reshaping-global-industries-report-302475157.html,Recent,prnewswire.com,prnewswire.com,2025-06-09 12:51:39,Selenium+RSS
okx,3,"Thai SEC blocks 5 crypto exchanges, including OKX and Bybit",https://cointelegraph.com/news/thailand-blocks-okx-bybit-crypto-exchanges,Recent,cointelegraph.com,cointelegraph.com,2025-06-09 12:51:39,Selenium+RSS
okx,4,thestreet.com,https://www.thestreet.com/crypto/markets/institutional-crypto-adoption-is-surging-says-okx-us-ceo-in-new-report,Recent,thestreet.com,thestreet.com,2025-06-09 12:51:39,Selenium+RSS
okx,5,Bitcoin Core's Policy Shift Sparks Debate Amid Nonfinancial Transaction Controversy | OKX,https://www.okx.com/learn/bitcoin-core-policy-nonfinancial-transactions,Recent,okx.com,okx.com,2025-06-09 12:51:39,Selenium+RSS
blockdag,1,BlockDAG Presale Hits $287M: Can It Outperform Others? | CoinGape,https://coingape.com/sponsored/blockdag-presale-hits-287m-can-it-outperform-others/,Recent,coingape.com,coingape.com,2025-06-09 12:53:49,Selenium+RSS
blockdag,2,BlockDAG Dropped Price to $0.0018: Is This the Top Crypto to Buy Before June 13?,https://www.msn.com/en-us/money/markets/blockdag-dropped-price-to-0-0018-is-this-the-top-crypto-to-buy-before-june-13/ar-AA1GjCYr?ocid=finance-verthp-feeds,Recent,msn.com,msn.com,2025-06-09 12:53:49,Selenium+RSS
blockdag,3,"What Sets BlockDAG, Ondo, Sui, and Hedera Apart This June!",https://zycrypto.com/what-sets-blockdag-ondo-sui-and-hedera-apart-this-june/,Recent,zycrypto.com,zycrypto.com,2025-06-09 12:53:49,Selenium+RSS
blockdag,4,"BlockDAG pays 150 million BDAG Daily, Solaxy (SOLX) hits $43 million and BTC bull raises $6.7 million",https://crypto.news/buyers-are-winning-big-in-blockdag-while-solaxy-hits-43m-and-btc-bull-raises-6-7m/,Recent,crypto.news,crypto.news,2025-06-09 12:53:49,Selenium+RSS
blockdag,5,BlockDAG’s Go Live Reveal Sparks Buzz As Ethereum Eyes $5K And ONDO Hints At Breakout,https://financefeeds.com/blockdags-289m-surge-go-live-reveal-sets-stage-for-liftoff-as-ethereum-eyes-5k-ondo-breaks-the-wedge/,Recent,financefeeds.com,financefeeds.com,2025-06-09 12:53:49,Selenium+RSS
best crypto to buy now,1,Best Crypto To Buy Now: Why These 4 Altcoins Are Primed For Massive Growth?,https://www.tronweekly.com/best-crypto-to-buy-now-why-these-4-altcoins-are-primed-for-massive-growth/,Recent,tronweekly.com,tronweekly.com,2025-06-09 12:54:33,Selenium+RSS
best crypto to buy now,2,Best Crypto to Buy Now: 4 Coins That Could Beat Ethereum - CoinCentral,https://coincentral.com/best-crypto-to-buy-now-4-coins-that-could-beat-ethereum/,Recent,coincentral.com,coincentral.com,2025-06-09 12:54:33,Selenium+RSS
best crypto to buy now,3,Best Crypto to Buy Now: 4 Coins Set to Pump this June - Modern Diplomacy,https://moderndiplomacy.eu/2025/06/02/best-crypto-to-buy-now-4-coins-set-to-pump-this-june/,Recent,moderndiplomacy.eu,moderndiplomacy.eu,2025-06-09 12:54:33,Selenium+RSS
best crypto to buy now,4,Best Crypto to Buy Now With Investor Eyes Back on Ethereum - CryptoDnes EN,https://cryptodnes.bg/en/best-crypto-to-buy-now-with-investor-eyes-back-on-ethereum/,Recent,cryptodnes.bg,cryptodnes.bg,2025-06-09 12:54:33,Selenium+RSS
best crypto to buy now,5,Best crypto to buy right now ahead of the bull run,https://crypto.news/best-crypto-to-buy-right-now-ahead-of-the-bull-run/,Recent,crypto.news,crypto.news,2025-06-09 12:54:33,Selenium+RSS
metaverse,1,403 - Forbidden,https://t2conline.com/metaverse-or-meta-flop-when-virtual-landlords-lost-their-digital-shirts/,Recent,t2conline.com,t2conline.com,2025-06-09 12:55:46,Selenium+RSS
metaverse,2,Q&A with Tim Sweeney and Saxs Persson on Fortnite's evolution,https://digiday.com/media/epic-games-ceo-tim-sweeney-hopes-to-outbuild-youtube-outmaneuver-apple-and-outlast-the-metaverse-hype/,Recent,digiday.com,digiday.com,2025-06-09 12:55:46,Selenium+RSS
metaverse,3,Best Metaverse Stocks To Keep An Eye On - June 8th,https://www.marketbeat.com/instant-alerts/best-metaverse-stocks-to-keep-an-eye-on-june-8th-2025-06-08/,Recent,marketbeat.com,marketbeat.com,2025-06-09 12:55:46,Selenium+RSS
metaverse,4,"While the Metaverse Never Really Took Off, Meta Is Scrambling To Try and Scrape It off of the Pavement",https://www.vice.com/en/article/while-the-metaverse-never-really-took-off-meta-is-scrambling-to-try-and-scrape-it-off-of-the-pavement/,Recent,vice.com,vice.com,2025-06-09 12:55:46,Selenium+RSS
metaverse,5,Metaverse leader primed for more gains going forward: Bank of America,https://www.cnbc.com/2025/06/05/this-metaverse-leader-is-primed-for-even-more-gains-going-forward-bank-of-america-says.html,Recent,cnbc.com,cnbc.com,2025-06-09 12:55:46,Selenium+RSS
ETFswap,1,"Bitcoin Price Surge To $200,000: Bloomberg Analysts Reveal Likely Timeline, ETFSwap (ETFS) To Surge 55,000% Before Then",https://en.cryptonomist.ch/2024/12/23/bitcoin-price-surge-200000-bloomberg-analysts-reveal-likely-timeline/,Recent,en.cryptonomist.ch,en.cryptonomist.ch,2025-06-09 12:57:00,Selenium+RSS
ETFswap,2,Buying ETFSwap (ETFS) Now For Cheap On Uniswap Before Exchange Listings Is The Easiest $1 Million You’ll Make This Bull Run | Bitcoinist.com,https://bitcoinist.com/buying-etfswap-etfs-now-for-cheap-on-uniswap-before-exchange-listings-is-the-easiest-1-million-youll-make-this-bull-run/,Recent,bitcoinist.com,bitcoinist.com,2025-06-09 12:57:00,Selenium+RSS
ETFswap,3,"Analyst Says ETH Rally To $20,000 Could Trigger ETFSwap (ETFS) To $100",https://zycrypto.com/analyst-says-eth-rally-to-20000-could-trigger-etfswap-etfs-to-100/,Recent,zycrypto.com,zycrypto.com,2025-06-09 12:57:00,Selenium+RSS
ETFswap,4,ETFSwap Nicknamed ‘Most Epic Crypto Presale’ As $5 Million Raise Captures Attention Of Binance And Coinbase,https://punchng.com/etfswap-nicknamed-most-epic-crypto-presale-as-5-million-raise-captures-attention-of-binance-and-coinbase/,Recent,punchng.com,punchng.com,2025-06-09 12:57:00,Selenium+RSS
ETFswap,5,"What To Expect In The Coming Weeks: Solana (SOL), ETFSwap (ETFS), And Sui (SUI) Set To Explode By 1000x - Blockchain Magazine",https://blockchainmagazine.net/what-to-expect-in-the-coming-weeks-solana-sol-etfswap-etfs-and-sui-sui-set-to-explode-by-1000x/,Recent,blockchainmagazine.net,blockchainmagazine.net,2025-06-09 12:57:00,Selenium+RSS
DTX exchange,1,DTX Exchange Price Prediction - Is This New Crypto Presale Legit?,https://en.cryptonomist.ch/2025/04/02/dtx-exchange-price-prediction-is-this-new-crypto-presale-legit/,Recent,en.cryptonomist.ch,en.cryptonomist.ch,2025-06-09 12:57:57,Selenium+RSS
DTX exchange,2,DTX Exchange News: How to Buy $DTX and Is It A Good Investment? - CoinCentral,https://coincentral.com/dtx-exchange-news-how-to-buy-dtx-and-is-it-a-good-investment/,Recent,coincentral.com,coincentral.com,2025-06-09 12:57:57,Selenium+RSS
DTX exchange,3,Can DTX Exchange Become The First $100 Billion Trading Exchange in 2026 After Hybrid Layer 1 Blockchain Launch,https://www.msn.com/en-us/money/other/can-dtx-exchange-become-the-first-100-billion-trading-exchange-in-2026-after-hybrid-layer-1-blockchain-launch/ar-AA1zkrDO,Recent,msn.com,msn.com,2025-06-09 12:57:57,Selenium+RSS
DTX exchange,4,"DTX Exchange Sets Final Token Price at $0.36 as Presale Concludes - ""The Defiant""",https://thedefiant.io/news/press-releases/dtx-exchange-sets-final-token-price-at-0-36-as-presale-concludes,Recent,thedefiant.io,thedefiant.io,2025-06-09 12:57:57,Selenium+RSS
DTX exchange,5,,https://coinmarketcap.com/academy/article/cb954401-2ac9-4f2c-9fbe-0705008b1242,Recent,coinmarketcap.com,coinmarketcap.com,2025-06-09 12:57:57,Selenium+RSS
RCO finance,1,Crypto ICOs That Will Easily Do 100x To 150x After Presale,https://www.msn.com/en-us/money/other/crypto-icos-that-will-easily-do-100x-to-150x-after-presale/ar-AA1EMgwj,Recent,msn.com,msn.com,2025-06-09 12:59:55,Selenium+RSS
RCO finance,2,Is RCO Finance The Next Big Thing? Insiders Point to Early Indicators | CoinGape,https://coingape.com/sponsored/is-rco-finance-the-next-big-thing-insiders-point-to-early-indicators/,Recent,coingape.com,coingape.com,2025-06-09 12:59:55,Selenium+RSS
RCO finance,3,RCO Finance Price Prediction & Investment Risks in 2025,https://bitcoinist.com/rco-finance-price-prediction/,Recent,bitcoinist.com,bitcoinist.com,2025-06-09 12:59:55,Selenium+RSS
RCO finance,4,How to Buy RCO Finance ($RCOF) & RCO Finance Price Prediction - 99Bitcoins,https://99bitcoins.com/guides-and-tutorials/how-to-buy-rco-finance/,Recent,99bitcoins.com,99bitcoins.com,2025-06-09 12:59:55,Selenium+RSS
RCO finance,5,Dogecoin Price’s Stalled Momentum Gives RCO Finance The Edge For 100x Growth,https://www.tronweekly.com/dogecoin-prices-stalled-momentum-gives-rco-finance-the-edge-for-100x-growth/,Recent,tronweekly.com,tronweekly.com,2025-06-09 12:59:55,Selenium+RSS
Plus wallets,1,Ledger Nano S Plus Review 2025: Best Crypto Hardware Wallets,https://cointelegraph.com/learn/articles/ledger-nano-s-plus-review,Recent,cointelegraph.com,cointelegraph.com,2025-06-09 13:01:05,Selenium+RSS
Plus wallets,2,10 Best iPhone Wallet Cases 2025 - Wallet Cases for All iPhones,https://www.bestproducts.com/tech/gadgets/g1994/iphone-wallet-cases/,Recent,bestproducts.com,bestproducts.com,2025-06-09 13:01:05,Selenium+RSS
Plus wallets,3,"4 Best Mobile Crypto Wallets for 2025: Bitget Wallet, Exodus, & More! | The Jerusalem Post",https://www.jpost.com/crypto-currency/article-836450,Recent,jpost.com,jpost.com,2025-06-09 13:01:05,Selenium+RSS
Plus wallets,4,,https://coinmarketcap.com/academy/article/91a358ce-e9a3-49fb-93d1-a35ee8912ba1,Recent,coinmarketcap.com,coinmarketcap.com,2025-06-09 13:01:05,Selenium+RSS
Plus wallets,5,"Latest On Solana, Phantom Wallet & Plus Wallet Security",https://www.tronweekly.com/discover-security-rewards-with-plus-wallet-phantoms-new-integration-solanas-quantum-vault-launch/,Recent,tronweekly.com,tronweekly.com,2025-06-09 13:01:05,Selenium+RSS
bitcoin mining,1,Bitmain’s 1.16 PH/s Bitcoin Mining Beast: The ASIC Arms Race Just Got Real – Mining Bitcoin News,https://news.bitcoin.com/bitmains-1-16-ph-s-bitcoin-mining-beast-the-asic-arms-race-just-got-real/,Recent,news.bitcoin.com,news.bitcoin.com,2025-06-09 13:01:52,Selenium+RSS
bitcoin mining,2,PFMCrypto Announces Free and Sustainable Cloud Mining Technology for Bitcoin Users | Morningstar,https://www.morningstar.com/news/globe-newswire/9465129/pfmcrypto-announces-free-and-sustainable-cloud-mining-technology-for-bitcoin-users,Recent,morningstar.com,morningstar.com,2025-06-09 13:01:52,Selenium+RSS
bitcoin mining,3,Officials sound alarm after crypto firm quietly disappears from controversial energy site: 'Disaster waiting to happen',https://www.yahoo.com/news/officials-sound-alarm-crypto-firm-101541681.html,Recent,yahoo.com,yahoo.com,2025-06-09 13:01:52,Selenium+RSS
bitcoin mining,4,Bitcoin and AI Themes Ignite Riot Platforms Stock (RIOT) - TipRanks.com,https://www.tipranks.com/news/riot-platforms-stock-riot-surging-on-growth-in-bitcoin-mining-and-ai-expansion,Recent,tipranks.com,tipranks.com,2025-06-09 13:01:52,Selenium+RSS
bitcoin mining,5,thestreet.com,https://www.thestreet.com/crypto/innovation/do-more-with-bitcoin-mint-stablecoins-generate-yield-manage-assets,Recent,thestreet.com,thestreet.com,2025-06-09 13:01:52,Selenium+RSS
crypto presale,1,9 Best Crypto Presales to Invest in 2025,https://99bitcoins.com/cryptocurrency/crypto-presales/,Recent,99bitcoins.com,99bitcoins.com,2025-06-09 13:03:49,Selenium+RSS
crypto presale,2,Bitcoin Solaris Presale Surges Past $3.8M as Final $6 Phase,https://www.globenewswire.com/news-release/2025/06/08/3095553/0/en/Bitcoin-Solaris-Presale-Surges-Past-3-8M-as-Final-6-Phase-Nears-Close.html,Recent,globenewswire.com,globenewswire.com,2025-06-09 13:03:49,Selenium+RSS
crypto presale,3,Unstaked’s Presale Reaches $9.2M in Funding! Ethereum Drops & HYPE Sees Whale Action,https://www.msn.com/en-us/money/markets/unstaked-s-presale-reaches-9-2m-in-funding-ethereum-drops-hype-sees-whale-action/ar-AA1GjZkL?ocid=finance-verthp-feeds,Recent,msn.com,msn.com,2025-06-09 13:03:49,Selenium+RSS
crypto presale,4,Just 8 Days to Go in $45M Solana Presale: Is Solaxy the Next 1000x Crypto? - CoinCentral,https://coincentral.com/just-8-days-to-go-in-45m-solana-presale-is-solaxy-the-next-1000x-crypto/,Recent,coincentral.com,coincentral.com,2025-06-09 13:03:49,Selenium+RSS
crypto presale,5,New Bitcoin Layer 2 Presale Soars Past $700K – Best New Crypto Coin to Buy Now?,https://en.cryptonomist.ch/2025/06/08/new-bitcoin-layer-2-presale-soars-past-700k-best-new-crypto-coin-to-buy-now/,Recent,en.cryptonomist.ch,en.cryptonomist.ch,2025-06-09 13:03:49,Selenium+RSS
crypto wallet,1,Trump Crypto Wallet 'Isn't Moving Forward' After World Liberty Clash: Eric Trump - Decrypt,https://decrypt.co/324070/trump-crypto-wallet-isnt-moving-forward-eric-trump,Recent,decrypt.co,decrypt.co,2025-06-09 13:06:11,Selenium+RSS
crypto wallet,2,Trump Org Applies For Sweeping Trademark Covering Items From Crypto Wallet To Virtual Cologne,https://www.forbes.com/sites/zacheverson/2025/06/05/trump-trademark-crypto-wallet-nfts-virtual-cologne-reality/,Recent,forbes.com,forbes.com,2025-06-09 13:06:11,Selenium+RSS
crypto wallet,3,Trump Crypto-Wallet Spat Ends With World Liberty Buying Memecoin - Bloomberg,https://www.bloomberg.com/news/articles/2025-06-06/trump-crypto-wallet-spat-ends-with-world-liberty-buying-memecoin,Recent,bloomberg.com,bloomberg.com,2025-06-09 13:06:11,Selenium+RSS
crypto wallet,4,Trump Family Hits Magic Eden With Cease-and-Desist Over Crypto Wallet Plans: Bloomberg,https://www.coindesk.com/policy/2025/06/05/trump-family-hits-magic-eden-with-cease-and-desist-over-crypto-wallet-plans-bloomberg,Recent,coindesk.com,coindesk.com,2025-06-09 13:06:11,Selenium+RSS
crypto wallet,5,WLFI Sends Cease-And-Desist Letter Over Trump Wallet,https://cointelegraph.com/news/donald-trump-world-liberty-financial-cease-desist-letter-crypto-wallets,Recent,cointelegraph.com,cointelegraph.com,2025-06-09 13:06:11,Selenium+RSS
bitcoin etf,1,Huge Outflow on Blackrock's IBIT Pulls Bitcoin ETFs Into Red Zone – Markets and Prices Bitcoin News,https://news.bitcoin.com/huge-outflow-on-blackrocks-ibit-pulls-bitcoin-etfs-into-red-zone/,Recent,news.bitcoin.com,news.bitcoin.com,2025-06-09 13:07:05,Selenium+RSS
bitcoin etf,2,BlackRock Registers Stunning $0 in Bitcoin ETF Flows,https://u.today/blackrock-registers-stunning-0-in-bitcoin-etf-flows,Recent,u.today,u.today,2025-06-09 13:07:05,Selenium+RSS
bitcoin etf,3,Bitcoin ETF In Red After Historic IBIT Pullback,https://www.cointribune.com/en/bitcoin-etf-in-red-after-historic-ibit-pullback/,Recent,cointribune.com,cointribune.com,2025-06-09 13:07:05,Selenium+RSS
bitcoin etf,4,marketwatch.com,https://www.marketwatch.com/story/trump-media-seeks-bitcoin-etf-in-latest-move-into-crypto-3f859bfb,Recent,marketwatch.com,marketwatch.com,2025-06-09 13:07:05,Selenium+RSS
bitcoin etf,5,Bitcoin ETFs Hit With $278 Outflows Amid Trump-Musk Feud,https://cointelegraph.com/news/bitcoin-etf-bleed-trump-musk-fallout-sentiment-fear,Recent,cointelegraph.com,cointelegraph.com,2025-06-09 13:07:05,Selenium+RSS
pi coin news,1,Blank Pi Network Wallets Spark Outcry—What’s The Network Hiding? — TradingView News,https://www.tradingview.com/news/newsbtc:c13189864094b:0-blank-pi-network-wallets-spark-outcry-what-s-the-network-hiding/,Recent,tradingview.com,tradingview.com,2025-06-09 13:07:55,Selenium+RSS
pi coin news,2,,https://www.binance.com/en/square/post/25292460389713,Recent,binance.com,binance.com,2025-06-09 13:07:55,Selenium+RSS
pi coin news,3,Avoid Pi Network and buy these deflationary altcoins instead,https://crypto.news/avoid-pi-network-and-buy-these-deflationary-altcoins-instead/,Recent,crypto.news,crypto.news,2025-06-09 13:07:55,Selenium+RSS
pi coin news,4,PI Coin Price Prediction: Will PI Hit $0.69 or $0.54 Next?,https://www.cryptotimes.io/2025/06/08/pi-coin-price-prediction-will-pi-hit-0-69-or-0-54-next/,Recent,cryptotimes.io,cryptotimes.io,2025-06-09 13:07:55,Selenium+RSS
pi coin news,5,Will Pi Coin Price Continue Its Rally Amid Downtrend? - The Coin Republic,https://www.thecoinrepublic.com/2025/06/08/will-pi-coin-price-continue-its-rally-amid-downtrend/,Recent,thecoinrepublic.com,thecoinrepublic.com,2025-06-09 13:07:55,Selenium+RSS
bonk coin,1,Bonk (BONK) Price Prediction: BONK Tumbles Over 11% Despite Solana Validator Deal—Is the Meme Coin Losing Steam? - Brave New Coin,https://bravenewcoin.com/insights/bonk-bonk-price-prediction-bonk-tumbles-over-11-despite-solana-validator-deal-is-the-meme-coin-losing-steam,Recent,bravenewcoin.com,bravenewcoin.com,2025-06-09 13:09:48,Selenium+RSS
bonk coin,2,Bonk coin price prediction: What could affect BONK’s future price? | Markets.com,https://www.markets.com/analysis/bonk-coin-price-prediction-what-could-affect-bonk-s-future-price,Recent,markets.com,markets.com,2025-06-09 13:09:48,Selenium+RSS
bonk coin,3,"4 Best Meme Coins To Buy Now—Bonk, Gigachad, And A Stage 7 Launch Raising Eyebrows And Portfolios",https://www.tronweekly.com/4-best-meme-coins-to-buy-now-bonk-gigachad-and-a-stage-7-launch-raising-eyebrows-and-portfolios/,Recent,tronweekly.com,tronweekly.com,2025-06-09 13:09:48,Selenium+RSS
bonk coin,4,Major Meme Coin Rotation Underway: WIF and BONK Sell-Off,https://99bitcoins.com/news/pr-news/major-meme-coin-rotation-underway-as-wif-and-bonk-sell-off-to-back-new-ai-agent/,Recent,99bitcoins.com,99bitcoins.com,2025-06-09 13:09:48,Selenium+RSS
bonk coin,5,Week in GameFi: Should We Send Musk vs Trump to the Bonk Arena? | CoinMarketCap,https://coinmarketcap.com/academy/article/week-in-gamefi-should-we-send-musk-vs-trump-to-the-bonk-arena,Recent,coinmarketcap.com,coinmarketcap.com,2025-06-09 13:09:48,Selenium+RSS
pepe coin news,1,Pepe Price Prediction: Whales Bet Big on Pepe as Analysts Eye New All-Time Highs - Brave New Coin,https://bravenewcoin.com/insights/pepe-price-prediction-whales-bet-big-on-pepe-as-analysts-eye-new-all-time-highs,Recent,bravenewcoin.com,bravenewcoin.com,2025-06-09 13:11:33,Selenium+RSS
pepe coin news,2,'Dogecoin Millionaire' Is Now a Pepe Millionaire—And He’s Stacking These Meme Coins Next - Decrypt,https://decrypt.co/324050/dogecoin-millionaire-pepe-stacking-meme-coins-next,Recent,decrypt.co,decrypt.co,2025-06-09 13:11:33,Selenium+RSS
pepe coin news,3,Mind of Pepe Just Killed VIRTUAL Price Rally: Smart Money Rotate,https://99bitcoins.com/news/presales/mind-of-pepe-just-killed-virtual-price-gains-smart-money-dump-vapourware-for-june-6-ai-crypto-launch/,Recent,99bitcoins.com,99bitcoins.com,2025-06-09 13:11:33,Selenium+RSS
pepe coin news,4,Pepe price forms golden cross despite whale and smart money selling,https://crypto.news/pepe-price-forms-golden-cross-despite-whale-and-smart-money-selling/,Recent,crypto.news,crypto.news,2025-06-09 13:11:33,Selenium+RSS
pepe coin news,5,Will Pepe Coin Reach 1 Cent? Here’s The Math!,https://blockchainmagazine.net/will-pepe-coin-reach-1-cent-heres-the-math/,Recent,blockchainmagazine.net,blockchainmagazine.net,2025-06-09 13:11:33,Selenium+RSS
ai crypto,1,AI could destroy crypto within five years | Opinion,https://crypto.news/ai-could-destroy-crypto-within-five-years-opinion/,Recent,crypto.news,crypto.news,2025-06-09 13:12:31,Selenium+RSS
ai crypto,2,"Founders of LayerZero, SEI, Selini Capital, and Plume back hyper-personalized AI crypto discovery engine",https://cryptobriefing.com/founders-of-layerzero-sei-selini-capital-and-plume-back-hyper-personalized-ai-crypto-discovery-engine/,Recent,cryptobriefing.com,cryptobriefing.com,2025-06-09 13:12:31,Selenium+RSS
ai crypto,3,"AI has growing role in Web3, rivals DeFi, gaming: DappRadar",https://cointelegraph.com/news/ai-solidifying-role-in-web3-rivals-defi-engagement-report,Recent,cointelegraph.com,cointelegraph.com,2025-06-09 13:12:31,Selenium+RSS
ai crypto,4,"Shiba Inu And Dogecoin Dip On The Charts, Whales Turn To An AI Crypto",https://financefeeds.com/shib-and-doge-whales-begin-diversifying-their-portfolios-with-this-ai-crypto-amid-a-55-presale-price-increase/,Recent,financefeeds.com,financefeeds.com,2025-06-09 13:12:31,Selenium+RSS
ai crypto,5,AI could consume more power than Bitcoin by the end of 2025 | The Verge,https://www.theverge.com/climate-change/676528/ai-data-center-energy-forecast-bitcoin-mining,Recent,theverge.com,theverge.com,2025-06-09 13:12:31,Selenium+RSS
solana crypto,1,Bitcoin to Solana: Crypto Prices Stay High Above Global Averages in South Korea – Markets and Prices Bitcoin News,https://news.bitcoin.com/bitcoin-to-solana-crypto-prices-stay-high-above-global-averages-in-south-korea/,Recent,news.bitcoin.com,news.bitcoin.com,2025-06-09 13:14:04,Selenium+RSS
solana crypto,2,"This Week in Crypto Games: Bonk 'Kill-to-Earn' Solana Launch, 'FIFA Rivals' Nears Release - Decrypt",https://decrypt.co/324169/this-week-crypto-games-bonk-solana-fifa-rivals,Recent,decrypt.co,decrypt.co,2025-06-09 13:14:04,Selenium+RSS
solana crypto,3,Solana Price Analysis: SOL Recovers Above $151 After Sharp Pullback,https://www.coindesk.com/markets/2025/06/07/solana-s-sol-rebounds-from-usd147-support-as-double-bottom-pattern-signals-possible-breakout,Recent,coindesk.com,coindesk.com,2025-06-09 13:14:04,Selenium+RSS
solana crypto,4,Solana Key Indicator Flashes Buy Signal On Daily Chart – Rally Ahead? — TradingView News,https://www.tradingview.com/news/newsbtc:b8015a153094b:0-solana-key-indicator-flashes-buy-signal-on-daily-chart-rally-ahead/,Recent,tradingview.com,tradingview.com,2025-06-09 13:14:04,Selenium+RSS
solana crypto,5,"Chart: Solana indicators point north, bulls test $165 target",https://crypto.news/chart-solana-indicators-point-north-bulls-165-target/,Recent,crypto.news,crypto.news,2025-06-09 13:14:04,Selenium+RSS
blackrock bitcoin,1,Huge Outflow on Blackrock's IBIT Pulls Bitcoin ETFs Into Red Zone – Markets and Prices Bitcoin News,https://news.bitcoin.com/huge-outflow-on-blackrocks-ibit-pulls-bitcoin-etfs-into-red-zone/,Recent,news.bitcoin.com,news.bitcoin.com,2025-06-09 13:15:05,Selenium+RSS
blackrock bitcoin,2,BlackRock Registers Stunning $0 in Bitcoin ETF Flows,https://u.today/blackrock-registers-stunning-0-in-bitcoin-etf-flows,Recent,u.today,u.today,2025-06-09 13:15:05,Selenium+RSS
blackrock bitcoin,3,Bitcoin ETF In Red After Historic IBIT Pullback,https://www.cointribune.com/en/bitcoin-etf-in-red-after-historic-ibit-pullback/,Recent,cointribune.com,cointribune.com,2025-06-09 13:15:05,Selenium+RSS
blackrock bitcoin,4,"If It Keeps the Pace, Blackrock’s IBIT Is on Track to Seize 1 Million BTC by Early 2026 – Crypto News Bitcoin News",https://news.bitcoin.com/if-it-keeps-the-pace-blackrocks-ibit-is-on-track-to-seize-1-million-btc-by-early-2026/,Recent,news.bitcoin.com,news.bitcoin.com,2025-06-09 13:15:05,Selenium+RSS
blackrock bitcoin,5,BlackRock In Dry Dock: The Bitcoin ETF Giant Sees Its Inflows Freeze,https://www.cointribune.com/en/blackrock-in-dry-dock-the-bitcoin-etf-giant-sees-its-inflows-freeze/,Recent,cointribune.com,cointribune.com,2025-06-09 13:15:05,Selenium+RSS
polygon crypto,1,"Polygon co-founder steps down, will be 'cheering from the sidelines'",https://cointelegraph.com/news/polygon-cofounder-mihailo-bjelic-steps-down-operations,Recent,cointelegraph.com,cointelegraph.com,2025-06-09 13:16:09,Selenium+RSS
polygon crypto,2,What is Polymarket? How a Polygon Early Adopter Became the Official Prediction Market on X,https://polygon.technology/blog/what-is-polymarket-how-a-polygon-early-adopter-became-the-official-prediction-market-on-x,Recent,polygon.technology,polygon.technology,2025-06-09 13:16:09,Selenium+RSS
polygon crypto,3,Polygon Labs and market maker GSR launch DeFi-focused blockchain | Fortune Crypto,https://fortune.com/crypto/2025/05/28/katana-polygon-labs-gsr-defi-blockchain/,Recent,fortune.com,fortune.com,2025-06-09 13:16:09,Selenium+RSS
polygon crypto,4,Polymarket Becomes The Official Partner Of X And Boosts Polygon,https://www.cointribune.com/en/polymarket-becomes-the-official-partner-of-x-and-boosts-polygon/,Recent,cointribune.com,cointribune.com,2025-06-09 13:16:09,Selenium+RSS
polygon crypto,5,Polygon whale tracking alert: $4M shifted into this token in 48 hrs; here’s why that matters,https://crypto.news/polygon-whale-tracking-alert-4m-shifted-into-this-token-in-48-hrs-heres-why-that-matters/,Recent,crypto.news,crypto.news,2025-06-09 13:16:09,Selenium+RSS
crypto etf,1,SEC Urged to Stop Favoring Late Filers in Crypto ETF Race for Market Share – Regulation Bitcoin News,https://news.bitcoin.com/sec-urged-to-stop-favoring-late-filers-in-crypto-etf-race-for-market-share/,Recent,news.bitcoin.com,news.bitcoin.com,2025-06-09 13:16:58,Selenium+RSS
crypto etf,2,Active Memecoin ETF could emerge 2026,https://cointelegraph.com/news/active-memecoin-etf-good-chance-next-year-analyst,Recent,cointelegraph.com,cointelegraph.com,2025-06-09 13:16:58,Selenium+RSS
crypto etf,3,Crypto Currents: Strategy buys more bitcoin,https://finance.yahoo.com/news/crypto-currents-strategy-buys-more-135019815.html,Recent,finance.yahoo.com,finance.yahoo.com,2025-06-09 13:16:58,Selenium+RSS
crypto etf,4,XRP News Today: Legal Standoff Caps Gains—Can ETF Hopes Fuel a Breakout? | FXEmpire,https://www.fxempire.com/forecasts/article/xrp-news-today-legal-standoff-caps-gains-can-etf-hopes-fuel-a-breakout-1524508,Recent,fxempire.com,fxempire.com,2025-06-09 13:16:58,Selenium+RSS
crypto etf,5,Huge Outflow on Blackrock's IBIT Pulls Bitcoin ETFs Into Red Zone – Markets and Prices Bitcoin News,https://news.bitcoin.com/huge-outflow-on-blackrocks-ibit-pulls-bitcoin-etfs-into-red-zone/,Recent,news.bitcoin.com,news.bitcoin.com,2025-06-09 13:16:58,Selenium+RSS
meme coins,1,World Liberty Financial to invest in Trump's meme coin,https://thehill.com/business/5337629-trump-meme-coin-investment-world-liberty/,Recent,thehill.com,thehill.com,2025-06-09 13:18:20,Selenium+RSS
meme coins,2,'Dogecoin Millionaire' Is Now a Pepe Millionaire—And He’s Stacking These Meme Coins Next - Decrypt,https://decrypt.co/324050/dogecoin-millionaire-pepe-stacking-meme-coins-next,Recent,decrypt.co,decrypt.co,2025-06-09 13:18:20,Selenium+RSS
meme coins,3,"SEC flags new meme coin, PUNISHER COIN, as illegal - Businessday NG",https://businessday.ng/technology/article/sec-flags-new-meme-coin-punisher-coin-as-illegal/,Recent,businessday.ng,businessday.ng,2025-06-09 13:18:20,Selenium+RSS
meme coins,4,Best Meme Coins To Buy For 1000x Returns This Summer - FinanceFeeds,https://financefeeds.com/best-meme-coins-to-buy-for-1000x-returns-this-summer/,Recent,financefeeds.com,financefeeds.com,2025-06-09 13:18:20,Selenium+RSS
meme coins,5,"Meme Coin ETFs To Be Launched By 2026, Says Senior Bloomberg Analyst ",https://coinpedia.org/news/meme-coin-etfs-to-be-launched-by-2026-says-senior-bloomberg-analyst/,Recent,coinpedia.org,coinpedia.org,2025-06-09 13:18:20,Selenium+RSS
depin crypto,1,Real-World DePIN Projects: How Do Actually They Work?,https://www.cryptotimes.io/articles/explained/real-world-depin-projects-how-do-actually-they-work/,Recent,cryptotimes.io,cryptotimes.io,2025-06-09 13:19:11,Selenium+RSS
depin crypto,2,"BNB Chain Launches BNB Hack: AI, DePIN, DeSci & DeSoc Edition to Advance Real-World Blockchain Use Cases – DL News",https://www.dlnews.com/research/external/bnb-chain-launches-bnb-hack-ai-depin-desci-desoc-edition-to-advance-real-world-blockchain-use-cases/,Recent,dlnews.com,dlnews.com,2025-06-09 13:19:11,Selenium+RSS
depin crypto,3,Blockchain and artificial intelligence (AI): the DePIN revolution,https://en.cryptonomist.ch/2025/06/04/blockchain-and-artificial-intelligence-ai-the-3-5-trillion-dollar-depin-revolution/,Recent,en.cryptonomist.ch,en.cryptonomist.ch,2025-06-09 13:19:11,Selenium+RSS
depin crypto,4,"Crypto Market Recap: Strategy Eyes US$1 Billion Capital Raise, Uber Considers Stablecoin Usage | Nasdaq",https://www.nasdaq.com/articles/crypto-market-recap-strategy-eyes-us-1-billion-capital-raise-uber-considers-stablecoin,Recent,nasdaq.com,nasdaq.com,2025-06-09 13:19:11,Selenium+RSS
depin crypto,5,thestreet.com,https://www.thestreet.com/crypto/innovation/5-depin-projects-rebuilding-infrastructure-in-2025,Recent,thestreet.com,thestreet.com,2025-06-09 13:19:11,Selenium+RSS
nft games,1,"Moonbirds NFT Sales Jump 2,525% After Orange Cap Games Acquires IP",https://cointelegraph.com/news/moonbirds-nft-sales-surge-after-orange-cap-games-acquisition,Recent,cointelegraph.com,cointelegraph.com,2025-06-09 13:20:13,Selenium+RSS
nft games,2,"This Week in Crypto Games: Bonk 'Kill-to-Earn' Solana Launch, 'FIFA Rivals' Nears Release - Decrypt",https://decrypt.co/324169/this-week-crypto-games-bonk-solana-fifa-rivals,Recent,decrypt.co,decrypt.co,2025-06-09 13:20:13,Selenium+RSS
nft games,3,Debunking 5 Ubiquitous Myths About Blockchain Gaming - EGamers.io - P2E NFT Games Portal,https://egamers.io/debunking-5-ubiquitous-myths-about-blockchain-gaming/,Recent,egamers.io,egamers.io,2025-06-09 13:20:13,Selenium+RSS
nft games,4,10 Best WAX NFT Games in 2025,https://nftevening.com/10-best-wax-nft-games-in-2025/,Recent,nftevening.com,nftevening.com,2025-06-09 13:20:13,Selenium+RSS
nft games,5,"How Gamers Will Learn To Stop Worrying, and Embrace NFTs | CCN.com",https://www.ccn.com/news/crypto/gamers-stop-worrying-love-nft/,Recent,ccn.com,ccn.com,2025-06-09 13:20:13,Selenium+RSS
play to earn news,1,Play-and-Earn Is Replacing P2E—Here’s Why That Matters | CCN.com,https://www.ccn.com/news/crypto/play-and-earn-replacing-play-to-earn/,Recent,ccn.com,ccn.com,2025-06-09 13:21:13,Selenium+RSS
play to earn news,2,How to Make Money Playing NFT Games: A Beginner's Guide | PlayToEarn,https://playtoearn.com/news/how-to-make-money-playing-nft-games-a-beginners-guide,Recent,playtoearn.com,playtoearn.com,2025-06-09 13:21:13,Selenium+RSS
play to earn news,3,Notcoin says tap-to-earn ‘probably dead’ as Telegram games see shift,https://cointelegraph.com/news/notcoin-telegram-gaming-tap-to-earn-dead-token2049,Recent,cointelegraph.com,cointelegraph.com,2025-06-09 13:21:13,Selenium+RSS
play to earn news,4,"Innovative Crypto Game Cryptofarmers Officially Launches, Revolutionizing Play-to-Earn Gaming and Crypto Farming",https://www.newsfilecorp.com/release/229944/Innovative-Crypto-Game-Cryptofarmers-Officially-Launches-Revolutionizing-PlaytoEarn-Gaming-and-Crypto-Farming,Recent,newsfilecorp.com,newsfilecorp.com,2025-06-09 13:21:13,Selenium+RSS
play to earn news,5,Blockchain Gaming Business Research Report 2024-2030:,https://www.globenewswire.com/news-release/2024/10/18/2965370/28124/en/Blockchain-Gaming-Business-Research-Report-2024-2030-Global-Market-to-Grow-by-Over-305-Billion-Rising-Popularity-of-Play-to-Earn-Models-Drives-Growth-NFTs-Expands-Opportunities.html,Recent,globenewswire.com,globenewswire.com,2025-06-09 13:21:13,Selenium+RSS
crypto lawsuit,1,nytimes.com,https://www.nytimes.com/2025/05/29/business/sec-binance-lawsuit-dropped.html,Recent,nytimes.com,nytimes.com,2025-06-09 13:22:03,Selenium+RSS
crypto lawsuit,2,reuters.com,https://www.reuters.com/sustainability/boards-policy-regulation/us-sec-voluntarily-dismisses-lawsuit-against-binance-2025-05-29/,Recent,reuters.com,reuters.com,2025-06-09 13:22:03,Selenium+RSS
crypto lawsuit,3,"SEC drops Binance lawsuit, ending one of last remaining crypto actions",https://www.cnbc.com/2025/05/29/sec-drops-binance-lawsuit-ending-one-of-last-remaining-crypto-actions.html,Recent,cnbc.com,cnbc.com,2025-06-09 13:22:03,Selenium+RSS
crypto lawsuit,4,Patent hoarder sues BTC miners over Bitcoin using its IP,https://cointelegraph.com/news/bitcoin-patent-lawsuit-targets-marathon-core-scientific,Recent,cointelegraph.com,cointelegraph.com,2025-06-09 13:22:03,Selenium+RSS
crypto lawsuit,5,Crypto.com Sues Nevada Gaming Commission Over Ban on Sports Event Contracts - Crypto Daily,https://cryptodaily.co.uk/2025/06/cryptocom-sues-nevada-gaming-commission-over-ban-on-sports-event-contracts,Recent,cryptodaily.co.uk,cryptodaily.co.uk,2025-06-09 13:22:03,Selenium+RSS
sec xrp news,1,XRP News Today: Ripple Case in SEC Spotlight as Settlement Clock Ticks; BTC at $104k | FXEmpire,https://www.fxempire.com/forecasts/article/xrp-news-today-ripple-case-in-sec-spotlight-as-settlement-clock-ticks-btc-at-104k-1524485,Recent,fxempire.com,fxempire.com,2025-06-09 13:22:47,Selenium+RSS
sec xrp news,2,Ripple News Today: Ripple vs SEC Lawsuit Nears Final Chapter With June 13 Deadline Looming - Brave New Coin,https://bravenewcoin.com/insights/ripple-news-today-ripple-vs-sec-lawsuit-nears-final-chapter-with-june-13-deadline-looming,Recent,bravenewcoin.com,bravenewcoin.com,2025-06-09 13:22:47,Selenium+RSS
sec xrp news,3,Ripple vs. SEC: Lawyer Spotlights Major Deadline in XRP Lawsuit,https://www.cryptotimes.io/2025/06/05/ripple-vs-sec-lawyer-spotlights-major-deadline-in-xrp-lawsuit/,Recent,cryptotimes.io,cryptotimes.io,2025-06-09 13:22:47,Selenium+RSS
sec xrp news,4,XRP Holders Await as June 16 Looms in Ripple vs. SEC Case,https://thecryptobasic.com/2025/06/07/xrp-holders-await-as-june-16-looms-in-ripple-vs-sec-case/,Recent,thecryptobasic.com,thecryptobasic.com,2025-06-09 13:22:47,Selenium+RSS
sec xrp news,5,Just a moment...,https://www.coinspeaker.com/sec-ripple-lawsuit-why-june-16-deadline-is-important-for-xrp-holders/,Recent,coinspeaker.com,coinspeaker.com,2025-06-09 13:22:47,Selenium+RSS
crypto airdrops,1,10 Signs an Airdrop Is a Scam — and How to Stay Safe,https://cointelegraph.com/news/fake-airdrops-and-how-to-avoid-them,Recent,cointelegraph.com,cointelegraph.com,2025-06-09 13:23:49,Selenium+RSS
crypto airdrops,2,Crypto airdrops: how and where to find the next big free token drop,https://nypost.com/business/crypto-airdrops-guide/,Recent,nypost.com,nypost.com,2025-06-09 13:23:49,Selenium+RSS
crypto airdrops,3,Airdrops Are Slowly Returning to the US Crypto Market,https://www.ccn.com/news/crypto/airdrops-slowly-returning-us-crypto-scene/,Recent,ccn.com,ccn.com,2025-06-09 13:23:49,Selenium+RSS
crypto airdrops,4,3 Crypto Airdrops to Keep on Your Radar | BanklessTimes,https://www.banklesstimes.com/articles/2025/06/06/3-crypto-airdrops-to-keep-on-your-radar-9/,Recent,banklesstimes.com,banklesstimes.com,2025-06-09 13:23:49,Selenium+RSS
crypto airdrops,5,What Is BTC Bull Token: The Meme Coin with $BTC Airdrops,https://bitcoinist.com/what-is-btc-bull-token/,Recent,bitcoinist.com,bitcoinist.com,2025-06-09 13:23:49,Selenium+RSS
tap to earn,1,6 Best Tap-to-Earn Games to Play in June 2025,https://cryptonews.com/cryptocurrency/best-tap-to-earn-games/,Recent,cryptonews.com,cryptonews.com,2025-06-09 13:24:42,Selenium+RSS
tap to earn,2,Just a moment...,https://coindcx.com/blog/crypto-highlights/crypto-games/,Recent,coindcx.com,coindcx.com,2025-06-09 13:24:42,Selenium+RSS
tap to earn,3,How To Earn Notcoin (NOT) in 2025: A Step-by-Step Guide,https://www.ccn.com/education/crypto/how-to-earn-notcoin/,Recent,ccn.com,ccn.com,2025-06-09 13:24:42,Selenium+RSS
tap to earn,4,Notcoin says tap-to-earn ‘probably dead’ as Telegram games see shift,https://cointelegraph.com/news/notcoin-telegram-gaming-tap-to-earn-dead-token2049,Recent,cointelegraph.com,cointelegraph.com,2025-06-09 13:24:42,Selenium+RSS
tap to earn,5,13 Best Ways To Earn TAP Air Portugal Miles&Go Miles [2025],https://upgradedpoints.com/travel/airlines/best-ways-to-earn-tap-air-portugal-miles/,Recent,upgradedpoints.com,upgradedpoints.com,2025-06-09 13:24:42,Selenium+RSS
nigeria binance,1,Bloomberg - Are you a robot?,https://www.bloomberg.com/news/articles/2025-06-06/binance-official-who-was-detained-in-nigeria-leaves-crypto-exchange,Recent,bloomberg.com,bloomberg.com,2025-06-09 13:26:17,Selenium+RSS
nigeria binance,2,Crypto Exec Formerly Detained in Nigeria Quits Binance,https://cointelegraph.com/news/tigran-gambaryan-formally-resigns-binance,Recent,cointelegraph.com,cointelegraph.com,2025-06-09 13:26:17,Selenium+RSS
nigeria binance,3,Binance's Former Compliance Chief Tigran Gambaryan Announces Departure,https://www.coindesk.com/policy/2025/06/06/tigran-gambaryan-binance-exec-who-was-detained-in-nigeria-for-nearly-a-year-departs-crypto-exchange,Recent,coindesk.com,coindesk.com,2025-06-09 13:26:17,Selenium+RSS
nigeria binance,4,Binance Compliance Chief Tigran Gambaryan Exits After Nigeria Detention,https://www.blockhead.co/2025/06/06/binance-compliance-chief-tigran-gambaryan-exits-exchange-after-nigeria-detention/,Recent,blockhead.co,blockhead.co,2025-06-09 13:26:17,Selenium+RSS
nigeria binance,5,"Binance Exec Tigran Gambaryan Leaves Firm, Months After Nigerian Hostage Crisis - Decrypt",https://decrypt.co/324048/binance-tigran-gambaryan-leaves-firm-months-after-nigerian-hostage-crisis,Recent,decrypt.co,decrypt.co,2025-06-09 13:26:17,Selenium+RSS
token launch,1,Pump.fun plans $1B token sale at $4B valuation: Sources - Blockworks,https://blockworks.co/news/pumpdotfun-token-sale,Recent,blockworks.co,blockworks.co,2025-06-09 13:27:04,Selenium+RSS
token launch,2,Pump.fun plans to raise $1 billion from token launch: Blockworks,https://www.fxstreet.com/cryptocurrencies/news/pumpfun-plans-to-raise-1-billion-from-token-launch-blockworks-202506040112,Recent,fxstreet.com,fxstreet.com,2025-06-09 13:27:04,Selenium+RSS
token launch,3,"Pump.fun rumored to launch token with $1B raise, 10% airdrop: Report",https://cointelegraph.com/news/pump-fun-token-rumors-1-billion-sale-airdrop,Recent,cointelegraph.com,cointelegraph.com,2025-06-09 13:27:04,Selenium+RSS
token launch,4,Flappy Bird Foundation reaffirms crypto plans despite token launch delays,https://esportsinsider.com/2025/06/flappy-bird-foundation-crypto-plans-token-launch-delays,Recent,esportsinsider.com,esportsinsider.com,2025-06-09 13:27:04,Selenium+RSS
token launch,5,Pump.fun will distribute protocol revenue to PUMP token holders: sources | The Block,https://www.theblock.co/post/357359/pump-fun-will-distribute-protocol-revenue-to-pump-token-holders-sources,Recent,theblock.co,theblock.co,2025-06-09 13:27:04,Selenium+RSS
crypto bull run,1,Bitcoin Eyes $107K as Political Chaos Fails to Derail the Bull Run - Brave New Coin,https://bravenewcoin.com/insights/bitcoin-eyes-107k-as-political-chaos-fails-to-derail-the-bull-run,Recent,bravenewcoin.com,bravenewcoin.com,2025-06-09 13:28:32,Selenium+RSS
crypto bull run,2,Is this the start of a deeper correction for Bitcoin?,https://cointelegraph.com/news/bitcoin-bull-run-might-be-delayed-104-5k-weekly-close-key,Recent,cointelegraph.com,cointelegraph.com,2025-06-09 13:28:32,Selenium+RSS
crypto bull run,3,Bitcoin Bull Run On The Brink As Long-Term Holders Accelerate Profit-Taking: Report,https://finance.yahoo.com/news/bitcoin-bull-run-brink-long-013241824.html,Recent,finance.yahoo.com,finance.yahoo.com,2025-06-09 13:28:32,Selenium+RSS
crypto bull run,4,Why Bitcoin’s Bull Run May Be Nearing a Top Despite Pro-Crypto Tailwinds,https://io-fund.com/crypto/bitcoin/bitcoin-bull-run-top-warning-signs,Recent,io-fund.com,io-fund.com,2025-06-09 13:28:32,Selenium+RSS
crypto bull run,5,Seize the bull run: Why Bybit’s Crypto Loans are a game changer for capital efficiency | Bybit Learn,https://learn.bybit.com/interviews/why-bybit-s-crypto-loans-are-a-game-changer-for-capital-efficiency/,Recent,learn.bybit.com,learn.bybit.com,2025-06-09 13:28:32,Selenium+RSS
polymarket,1,Bloomberg - Are you a robot?,https://www.bloomberg.com/news/articles/2025-06-06/musk-s-x-selects-polymarket-as-prediction-market-partner,Recent,bloomberg.com,bloomberg.com,2025-06-09 13:29:20,Selenium+RSS
polymarket,2,Polymarket to Serve as Official Prediction Market of Elon Musk’s X - Decrypt,https://decrypt.co/324062/polymarket-serve-official-prediction-market-elon-musks-x,Recent,decrypt.co,decrypt.co,2025-06-09 13:29:20,Selenium+RSS
polymarket,3,X names Polymarket as its official prediction market partner | TechCrunch,https://techcrunch.com/2025/06/06/x-names-polymarket-as-its-official-prediction-market-partner/,Recent,techcrunch.com,techcrunch.com,2025-06-09 13:29:20,Selenium+RSS
polymarket,4,Musk's X 'joining forces' with prediction platform Polymarket | The Block,https://www.theblock.co/post/357299/musks-x-joining-forces-with-prediction-platform-polymarket,Recent,theblock.co,theblock.co,2025-06-09 13:29:20,Selenium+RSS
polymarket,5,Crypto Betting Platform Polymarket Becomes ‘Official Prediction Market Partner’ for Elon Musk’s X - The Daily Hodl,https://dailyhodl.com/2025/06/07/crypto-betting-platform-polymarket-becomes-official-prediction-market-partner-for-elon-musks-x/,Recent,dailyhodl.com,dailyhodl.com,2025-06-09 13:29:20,Selenium+RSS
charles hoskinson news,1,Cardano is at the Nexus of Bitcoin DeFi: Charles Hoskinson,https://www.cryptotimes.io/2025/06/08/cardano-is-at-the-nexus-of-bitcoin-defi-charles-hoskinson/,Recent,cryptotimes.io,cryptotimes.io,2025-06-09 13:31:17,Selenium+RSS
charles hoskinson news,2,$600 Million Cardano Smear Was ETH-Backed Stunt: Hoskinson,https://bitcoinist.com/600-million-cardano-smear-eth-backed-hoskinson/,Recent,bitcoinist.com,bitcoinist.com,2025-06-09 13:31:17,Selenium+RSS
charles hoskinson news,3,Cardano in Crisis? Charles Hoskinson Speaks out on ADA Slander Campaign,https://u.today/cardano-in-crisis-charles-hoskinson-speaks-out-on-ada-slander-campaign,Recent,u.today,u.today,2025-06-09 13:31:17,Selenium+RSS
charles hoskinson news,4,"Cardano's Charles Hoskinson Predicts Bitcoin Will Hit $1 Million, Calls it the Only “True Hard Money” ⋆ ZyCrypto",https://zycrypto.com/cardanos-charles-hoskinson-predicts-bitcoin-will-hit-1-million-calls-it-the-only-true-hard-money/,Recent,zycrypto.com,zycrypto.com,2025-06-09 13:31:17,Selenium+RSS
charles hoskinson news,5,Why Cardano’s Charles Hoskinson isn’t miffed by White House snub: ‘I don’t need to make a deal with Trump’ – DL News,https://www.dlnews.com/articles/people-culture/why-cardanos-charles-hoskinson-isnt-miffed-by-white-house-snub-i-dont-need-to-make-a-deal-with-trump/,Recent,dlnews.com,dlnews.com,2025-06-09 13:31:17,Selenium+RSS
bitcoin prediction,1,"Michael Saylor Doubling Down on Bitcoin Price Prediction As BTC Holds $100,000 Level - The Daily Hodl",https://dailyhodl.com/2025/06/08/michael-saylor-doubling-down-on-bitcoin-price-prediction-as-btc-holds-100000-level/,Recent,dailyhodl.com,dailyhodl.com,2025-06-09 13:32:38,Selenium+RSS
bitcoin prediction,2,"Price predictions 6/6: BTC, ETH, XRP, BNB, SOL, DOGE, ADA, HYPE, SUI, LINK",https://cointelegraph.com/news/price-predictions-6-6-btc-eth-xrp-bnb-sol-doge-ada-hype-sui-link,Recent,cointelegraph.com,cointelegraph.com,2025-06-09 13:32:38,Selenium+RSS
bitcoin prediction,3,‘Ticking Time Bomb’—Stark $37 Trillion Wall Street Warning Fuels Huge Bitcoin Price Predictions,https://www.forbes.com/sites/digital-assets/2025/06/06/ticking-time-bomb-stark-37-trillion-wall-street-warning-fuels-huge-bitcoin-price-predictions/,Recent,forbes.com,forbes.com,2025-06-09 13:32:38,Selenium+RSS
bitcoin prediction,4,"Bitcoin, Ethereum, and XRP Price Prediction: Bullish Reversal Ahead?",https://www.cryptotimes.io/2025/06/07/bitcoin-ethereum-and-xrp-price-prediction-bullish-reversal-ahead/,Recent,cryptotimes.io,cryptotimes.io,2025-06-09 13:32:38,Selenium+RSS
bitcoin prediction,5,"Bitcoin Could Break The Dollar — $250K Prediction Still In Play, Billionaire Says — TradingView News",https://www.tradingview.com/news/newsbtc:f8e9259f2094b:0-bitcoin-could-break-the-dollar-250k-prediction-still-in-play-billionaire-says/,Recent,tradingview.com,tradingview.com,2025-06-09 13:32:38,Selenium+RSS
staking eth,1,Ethereum Price Forecast June 2025: Market Trends,https://www.tronweekly.com/ethereum-price-prediction-2025-5500-moonshot/,Recent,tronweekly.com,tronweekly.com,2025-06-09 13:33:34,Selenium+RSS
staking eth,2,"ETH, SOL 'very rare' staking ETFs may launch imminently — Analysts",https://cointelegraph.com/news/ether-solana-staking-etf-filings-rex-shares-speculation-crypto-analysts,Recent,cointelegraph.com,cointelegraph.com,2025-06-09 13:33:34,Selenium+RSS
staking eth,3,Ethereum Staking Soars as Institutions Accumulate ETH,https://themarketperiodical.com/2025/06/08/ethereum-staking-soars-as-institutions-accumulate-eth/,Recent,themarketperiodical.com,themarketperiodical.com,2025-06-09 13:33:34,Selenium+RSS
staking eth,4,SEC ruling eases path for Ethereum staking in ETFs,https://cryptoslate.com/sec-removes-key-hurdle-for-ethereum-etfs-by-exempting-staking-from-securities-rules/,Recent,cryptoslate.com,cryptoslate.com,2025-06-09 13:33:34,Selenium+RSS
staking eth,5,Ethereum Price Forecast: ETH leads crypto products flows following staking boost from SEC,https://www.fxstreet.com/cryptocurrencies/news/ethereum-price-forecast-eth-leads-crypto-products-flows-following-staking-boost-from-sec-202506022150,Recent,fxstreet.com,fxstreet.com,2025-06-09 13:33:34,Selenium+RSS
zachxbt,1,"Meet ZachXBT, the Masked Vigilante Tracking Down Billions in Crypto Scams and Thefts | WIRED",https://www.wired.com/story/meet-zachxbt-243-million-crypto-theft/,Recent,wired.com,wired.com,2025-06-09 13:35:18,Selenium+RSS
zachxbt,2,Coinbase Hacker Trolls Crypto Sleuth ZachXBT After Moving $42M in Bitcoin - Decrypt,https://decrypt.co/321495/coinbase-hacker-trolls-crypto-sleuth-zachxbt-after-moving-42m-in-bitcoin,Recent,decrypt.co,decrypt.co,2025-06-09 13:35:18,Selenium+RSS
zachxbt,3,"Taiwanese Crypto Exchange BitoPro Likely Hacked for $11M in May, ZachXBT Says",https://www.coindesk.com/tech/2025/06/02/taiwanese-crypto-exchange-bitopro-likely-hacked-for-usd11m-in-may-zachxbt-says,Recent,coindesk.com,coindesk.com,2025-06-09 13:35:18,Selenium+RSS
zachxbt,4,ZachXBT: Increased bridge volumes could disguise hacker activity,https://www.msn.com/en-us/money/other/zachxbt-increased-bridge-volumes-could-disguise-hacker-activity/ar-AA1FYUZH,Recent,msn.com,msn.com,2025-06-09 13:35:18,Selenium+RSS
zachxbt,5,"BitoPro Confirms ZachXBT-Discovered Crypto Hack, Users Demand More Info | CCN.com",https://www.ccn.com/news/crypto/bitopro-11-5m-crypto-hack-zachxbt-flags-suspicious-wallet-outflows/,Recent,ccn.com,ccn.com,2025-06-09 13:35:18,Selenium+RSS
floki news,1,Floki Price Prediction: $128M in 24H Trading Volume Ignites Short-Term Bullish Buzz - Brave New Coin,https://bravenewcoin.com/insights/floki-price-prediction-128m-in-24h-trading-volume-ignites-short-term-bullish-buzz,Recent,bravenewcoin.com,bravenewcoin.com,2025-06-09 13:36:05,Selenium+RSS
floki news,2,"New to The Street Announces Upcoming Bloomberg Air Dates Featuring FLOKI, BioVie Pharmaceuticals, Beeline, Arrive AI, and Commercialville - The El Paso Times",https://www.elpasotimes.com/press-release/story/790/new-to-the-street-announces-upcoming-bloomberg-air-dates-featuring-floki-biovie-pharmaceuticals-beeline-arrive-ai-and-commercialville/,Recent,elpasotimes.com,elpasotimes.com,2025-06-09 13:36:05,Selenium+RSS
floki news,3,"What is Floki Inu, Elon Musk Crypto Coins, How Floki Inu Works",https://www.business-standard.com/about/what-is-floki-inu,Recent,business-standard.com,business-standard.com,2025-06-09 13:36:05,Selenium+RSS
floki news,4,FLOKI and New to The Street Announce Media Partnership to Reach 219M+ Households - Knox News | The Knoxville News-Sentinel,https://www.knoxnews.com/press-release/story/653/floki-and-new-to-the-street-announce-media-partnership-to-reach-219m-households/,Recent,knoxnews.com,knoxnews.com,2025-06-09 13:36:05,Selenium+RSS
floki news,5,Whales Flock to Punisher Coin as Shiba Inu and Floki Slow Down,https://www.cryptotimes.io/press-release/whales-flock-to-punisher-coin-as-shiba-inu-and-floki-slow-down/,Recent,cryptotimes.io,cryptotimes.io,2025-06-09 13:36:05,Selenium+RSS
tron news,1,"TRON (TRX) Price Prediction: Breakout Looms as Reward Cuts, Usage Surge Fuel Bullish Setup - Brave New Coin",https://bravenewcoin.com/insights/tron-trx-price-prediction-breakout-looms-as-reward-cuts-usage-surge-fuel-bullish-setup,Recent,bravenewcoin.com,bravenewcoin.com,2025-06-09 13:36:59,Selenium+RSS
tron news,2,TRX Demand Indicators Show Where Tron Price is Headed,https://beincrypto.com/tron-price-faces-correction-but-support-ahead/,Recent,beincrypto.com,beincrypto.com,2025-06-09 13:36:59,Selenium+RSS
tron news,3,"Tron’s (TRX) 11.4% Growth Looks Modest Compared to Ruvi AI’s (RUVI) 50% Phase 1 Returns, Investors Are Noticing",https://www.msn.com/en-us/money/markets/tron-s-trx-11-4-growth-looks-modest-compared-to-ruvi-ai-s-ruvi-50-phase-1-returns-investors-are-noticing/ar-AA1Gk4LS?ocid=finance-verthp-feeds,Recent,msn.com,msn.com,2025-06-09 13:36:59,Selenium+RSS
tron news,4,Tron Price Prediction: Wyckoff Theory Says Buy TRX | BanklessTimes,https://www.banklesstimes.com/articles/2025/06/08/tron-price-prediction-wyckoff-theory-says-buy-trx/,Recent,banklesstimes.com,banklesstimes.com,2025-06-09 13:36:59,Selenium+RSS
tron news,5,Tron Blockchain Soars: 30% Growth In Daily Transactions Sparks Investor Interest,https://www.tronweekly.com/tron-blockchain-soars-30-growth-in-daily/,Recent,tronweekly.com,tronweekly.com,2025-06-09 13:36:59,Selenium+RSS
ada price prediction,1,"Price predictions 6/6: BTC, ETH, XRP, BNB, SOL, DOGE, ADA, HYPE, SUI, LINK",https://cointelegraph.com/news/price-predictions-6-6-btc-eth-xrp-bnb-sol-doge-ada-hype-sui-link,Recent,cointelegraph.com,cointelegraph.com,2025-06-09 13:37:51,Selenium+RSS
ada price prediction,2,Cardano Price Forecast: ADA Could See $1.90 By July But Experts Believe This Is The Best Crypto To Buy Now - Disrupt Africa,https://disruptafrica.com/2025/06/07/cardano-price-forecast-ada-could-see-1-90-by-july-but-experts-believe-this-is-the-best-crypto-to-buy-now/,Recent,disruptafrica.com,disruptafrica.com,2025-06-09 13:37:51,Selenium+RSS
ada price prediction,3,Cardano (ADA) Price Prediction for June 7,https://u.today/cardano-ada-price-prediction-for-june-7-0,Recent,u.today,u.today,2025-06-09 13:37:51,Selenium+RSS
ada price prediction,4,Bitcoin’s drop below $104K caps the start of altcoin season,https://cointelegraph.com/news/price-predictions-5-30-btc-eth-xrp-bnb-sol-doge-ada-sui-hype-link,Recent,cointelegraph.com,cointelegraph.com,2025-06-09 13:37:51,Selenium+RSS
ada price prediction,5,"Price predictions 5/21: BTC, ETH, XRP, BNB, SOL, DOGE, ADA, SUI, LINK, AVAX",https://cointelegraph.com/news/price-predictions-5-21-btc-eth-xrp-bnb-sol-doge-ada-sui-link-avax,Recent,cointelegraph.com,cointelegraph.com,2025-06-09 13:37:51,Selenium+RSS
crypto casino,1,Jackbit Named Leading Crypto Casino by Reddit Community for,https://www.globenewswire.com/news-release/2025/06/03/3092775/0/en/Jackbit-Named-Leading-Crypto-Casino-by-Reddit-Community-for-10-Minute-Withdrawal-Times.html,Recent,globenewswire.com,globenewswire.com,2025-06-09 13:38:43,Selenium+RSS
crypto casino,2,Attention Required! | Cloudflare,https://www.cryptoninjas.net/crypto/best-bitcoin-casinos-free-spins/,Recent,cryptoninjas.net,cryptoninjas.net,2025-06-09 13:38:43,Selenium+RSS
crypto casino,3,Best Crypto Gambling Sites 2025: Where to Play BTC Games,https://www.metrotimes.com/discover/crypto-gambling-sites-39469578,Recent,metrotimes.com,metrotimes.com,2025-06-09 13:38:43,Selenium+RSS
crypto casino,4,5 Best Crypto Casinos: Top No KYC Bitcoin Casino Sites With Big Bonuses (2025 Update),https://www.tronweekly.com/5-best-crypto-casinos-top-no-kyc-bitcoin-casino-sites-with-big-bonuses-2025-update/,Recent,tronweekly.com,tronweekly.com,2025-06-09 13:38:43,Selenium+RSS
crypto casino,5,Best Crypto Casinos: Top Bitcoin Casinos Rated By All iGaming Experts 2025,https://www.accessnewswire.com/newsroom/en/business-and-professional-services/best-crypto-casinos-top-bitcoin-casinos-rated-by-all-igaming-exp-1036312,Recent,accessnewswire.com,accessnewswire.com,2025-06-09 13:38:43,Selenium+RSS
bitcoin tesla,1,Bitcoin ‘Going To Take Over’—Tesla CEO Elon Musk Backs Shock $40 Trillion U.S. Dollar Collapse Warning Amid Price Boom,https://www.forbes.com/sites/digital-assets/2025/06/05/bitcoin-going-to-take-over-tesla-ceo-elon-musk-backs-shock-40-trillion-us-dollar-collapse-warning-amid-price-boom/,Recent,forbes.com,forbes.com,2025-06-09 13:39:48,Selenium+RSS
bitcoin tesla,2,Bitcoiners say Elon Musk should buy Bitcoin to win Trump feud,https://cointelegraph.com/news/full-porting-bitcoin-could-be-musk-s-trump-card-in-feud-bitcoiners,Recent,cointelegraph.com,cointelegraph.com,2025-06-09 13:39:48,Selenium+RSS
bitcoin tesla,3,Trump vs. Musk: Explosive Feud Sends Bitcoin and Tesla Into a Tailspin,https://bravenewcoin.com/insights/trump-vs-musk-explosive-feud-sends-bitcoin-and-tesla-into-a-tailspin,Recent,bravenewcoin.com,bravenewcoin.com,2025-06-09 13:39:48,Selenium+RSS
bitcoin tesla,4,Yahoo is part of the Yahoo family of brands.,https://consent.yahoo.com/v2/collectConsent?sessionId=4_cc-session_fe224a94-306e-4af0-a9f7-fe97a8d91d0e,Recent,consent.yahoo.com,consent.yahoo.com,2025-06-09 13:39:48,Selenium+RSS
bitcoin tesla,5,"Amid the ongoing conflict between U.S. President Donald Trump and Tesla CEO Elon Musk, Bitcoin is mo.. - MK",https://www.mk.co.kr/en/stock/11337463,Recent,mk.co.kr,mk.co.kr,2025-06-09 13:39:48,Selenium+RSS
microstrategy bitcoin holdings,1,barrons.com,https://www.barrons.com/articles/microstrategy-stock-bitcoin-cryptocurrency-aee6a97e,Recent,barrons.com,barrons.com,2025-06-09 13:41:35,Selenium+RSS
microstrategy bitcoin holdings,2,"Deconstructing Strategy (MSTR): Premium, Leverage, and Capital Structure | VanEck",https://www.vaneck.com/us/en/blogs/digital-assets/matthew-sigel-deconstructing-strategy-mstr-premium-leverage-and-capital-structure/,Recent,vaneck.com,vaneck.com,2025-06-09 13:41:35,Selenium+RSS
microstrategy bitcoin holdings,3,Strategy Expands BTC Holdings with Latest Multi-Billion Dollar Purchase,https://www.coindesk.com/markets/2025/05/19/strategy-expands-bitcoin-holdings-with-latest-multi-billion-dollar-purchase,Recent,coindesk.com,coindesk.com,2025-06-09 13:41:35,Selenium+RSS
microstrategy bitcoin holdings,4,Strategy's Bitcoin bet sees over $23B in gains as BTC tops record $110K,https://cryptobriefing.com/microstrategy-bitcoin-gains-top-110k/,Recent,cryptobriefing.com,cryptobriefing.com,2025-06-09 13:41:35,Selenium+RSS
microstrategy bitcoin holdings,5,Saylor’s Strategy buys 705 Bitcoin in the last week of May.,https://cointelegraph.com/news/strategy-ends-may-with-75m-bitcoin-buy-at-103k,Recent,cointelegraph.com,cointelegraph.com,2025-06-09 13:41:35,Selenium+RSS
trump bitcoin,1,Bitcoin rebounds after Trump and Musk's online feud weighs on crypto prices: CNBC Crypto World,https://www.cnbc.com/video/2025/06/06/bitcoin-rebounds-trump-musk-online-feud-weighs-on-prices-crypto-world.html,Recent,cnbc.com,cnbc.com,2025-06-09 13:42:32,Selenium+RSS
trump bitcoin,2,nytimes.com,https://www.nytimes.com/2025/06/06/business/trump-crypto-401k.html,Recent,nytimes.com,nytimes.com,2025-06-09 13:42:32,Selenium+RSS
trump bitcoin,3,Bitcoin Holds Above $106K as U.S. Defense Secretary Threatens to Deploy Marines in LA,https://www.coindesk.com/markets/2025/06/08/bitcoin-pushes-toward-usd107k-even-as-trump-sends-national-guard-to-los-angeles,Recent,coindesk.com,coindesk.com,2025-06-09 13:42:32,Selenium+RSS
trump bitcoin,4,I Saw the Future of Bitcoin in Vegas. It's Even Weirder Than You Think - Business Insider,https://www.businessinsider.com/trump-billionaires-zyn-bitcoin-conference-crypto-maga-vegas-casino-vance-2025-6,Recent,businessinsider.com,businessinsider.com,2025-06-09 13:42:32,Selenium+RSS
trump bitcoin,5,Bitcoiners say Elon Musk should buy Bitcoin to win Trump feud,https://cointelegraph.com/news/full-porting-bitcoin-could-be-musk-s-trump-card-in-feud-bitcoiners,Recent,cointelegraph.com,cointelegraph.com,2025-06-09 13:42:32,Selenium+RSS
top altcoins,1,"Top Catalysts for Altcoins like ICP, SPX, Keeta, and WIF this Week | BanklessTimes",https://www.banklesstimes.com/articles/2025/06/09/top-catalysts-for-altcoins-like-icp-spx-keeta-and-wif-this-week/,Recent,banklesstimes.com,banklesstimes.com,2025-06-09 13:43:25,Selenium+RSS
top altcoins,2,Top 3 Cheap Altcoins to Buy Now Before Prices Soar,https://www.cryptotimes.io/sponsored/top-3-cheap-altcoins-to-buy-now-before-prices-soar/,Recent,cryptotimes.io,cryptotimes.io,2025-06-09 13:43:25,Selenium+RSS
top altcoins,3,Best Crypto To Buy Now: Why These 4 Altcoins Are Primed For Massive Growth?,https://www.tronweekly.com/best-crypto-to-buy-now-why-these-4-altcoins-are-primed-for-massive-growth/,Recent,tronweekly.com,tronweekly.com,2025-06-09 13:43:25,Selenium+RSS
top altcoins,4,Best Altcoins to Watch as Global Crypto Adoption Grows in Asia and the Middle East,https://bitcoinist.com/best-altcoins-to-watch-as-global-crypto-adoption-grows-in-japan-and-dubai/,Recent,bitcoinist.com,bitcoinist.com,2025-06-09 13:43:25,Selenium+RSS
top altcoins,5,SEC Greenlights Nasdaq Crypto Index Featuring Top Altcoins,https://themarketperiodical.com/2025/06/08/sec-greenlights-nasdaq-crypto-index-featuring-top-altcoins/,Recent,themarketperiodical.com,themarketperiodical.com,2025-06-09 13:43:25,Selenium+RSS
sui news,1,Cetus Relaunches After $200 Million May Hack,https://cointelegraph.com/news/sui-dex-restarts-plots-open-source-move-after-massive-exploit,Recent,cointelegraph.com,cointelegraph.com,2025-06-09 13:45:01,Selenium+RSS
sui news,2,"Cetus Protocol Secures $500K Loan from Sui Foundation to Compensate Hack Victims, Vows Relaunch",https://www.cryptoninjas.net/news/cetus-protocol-secures-500k-loan-from-sui-foundation-to-compensate-hack-victims-vows-relaunch/,Recent,cryptoninjas.net,cryptoninjas.net,2025-06-09 13:45:01,Selenium+RSS
sui news,3,"Sui Wenjing, Han Cong to return to pairs' figure skating for first time since 2022 Olympic gold - NBC Sports",https://www.nbcsports.com/olympics/news/sui-wenjing-han-cong-figure-skating-pairs-china,Recent,nbcsports.com,nbcsports.com,2025-06-09 13:45:01,Selenium+RSS
sui news,4,SUI Bulls Target $3.48 Breakout As Liquidation Volatility Intensifies,https://www.tronweekly.com/sui-bulls-target-3-48-breakout-as-liquidation/,Recent,tronweekly.com,tronweekly.com,2025-06-09 13:45:01,Selenium+RSS
sui news,5,"What Sets BlockDAG, Ondo, Sui, and Hedera Apart This June!",https://zycrypto.com/what-sets-blockdag-ondo-sui-and-hedera-apart-this-june/,Recent,zycrypto.com,zycrypto.com,2025-06-09 13:45:01,Selenium+RSS
bitcoin mining free,1,PFMCrypto Announces Free and Sustainable Cloud Mining,https://www.globenewswire.com/news-release/2025/06/08/3095584/0/en/PFMCrypto-Announces-Free-and-Sustainable-Cloud-Mining-Technology-for-Bitcoin-Users.html,Recent,globenewswire.com,globenewswire.com,2025-06-09 13:45:48,Selenium+RSS
bitcoin mining free,2,reuters.com,https://www.reuters.com/press-releases/haka-mining-emerges-as-top-free-cloud-mining-platform-for-passive-bitcoin-income-in-2025-2025-06-03/,Recent,reuters.com,reuters.com,2025-06-09 13:45:48,Selenium+RSS
bitcoin mining free,3,"Regulated APT Miner Launches Free Cloud Mining App for Bitcoin, Dogecoin, and Litecoin | Bitcoinist.com",https://bitcoinist.com/regulated-apt-miner-launches-free-cloud-mining-app-for-bitcoin-dogecoin-and-litecoin/,Recent,bitcoinist.com,bitcoinist.com,2025-06-09 13:45:48,Selenium+RSS
bitcoin mining free,4,"BSTR Miner Launches Free Cloud Mining App for Bitcoin, Dogecoin, XRP, and Litecoin | Blockster",https://blockster.com/bstr-miner-launches-free-cloud-mining-app-for-bitcoin-dogecoin-xrp-and-litecoin,Recent,blockster.com,blockster.com,2025-06-09 13:45:48,Selenium+RSS
bitcoin mining free,5,BAY Miner Launches Free Mobile Cloud Mining App for,https://www.globenewswire.com/news-release/2025/06/02/3092025/0/en/BAY-Miner-Launches-Free-Mobile-Cloud-Mining-App-for-Bitcoin-Dogecoin-and-Litecoin.html,Recent,globenewswire.com,globenewswire.com,2025-06-09 13:45:48,Selenium+RSS
passive income crypto,1,"Earn $7,226 Daily in Passive Crypto Income in 2025 With the",https://www.globenewswire.com/news-release/2025/05/26/3088229/0/en/Earn-7-226-Daily-in-Passive-Crypto-Income-in-2025-With-the-Best-Bitcoin-Cloud-Mining-Free-Miner.html,Recent,globenewswire.com,globenewswire.com,2025-06-09 13:46:38,Selenium+RSS
passive income crypto,2,reuters.com,https://www.reuters.com/press-releases/haka-mining-emerges-as-top-free-cloud-mining-platform-for-passive-bitcoin-income-in-2025-2025-06-03/,Recent,reuters.com,reuters.com,2025-06-09 13:46:38,Selenium+RSS
passive income crypto,3,Earn money with SIX MINING: An effective way to earn passive income in 2025 Via Crypto Mining | CoinGape,https://coingape.com/sponsored/earn-money-with-six-mining-an-effective-way-to-earn-passive-income-in-2025-via-crypto-mining/,Recent,coingape.com,coingape.com,2025-06-09 13:46:38,Selenium+RSS
passive income crypto,4,thestreet.com,https://www.thestreet.com/crypto/innovation/this-company-is-helping-family-offices-turn-idle-crypto-into-passive-income,Recent,thestreet.com,thestreet.com,2025-06-09 13:46:38,Selenium+RSS
passive income crypto,5,How to Earn Passive Crypto Income in 2025 Without Trading – The Beginner’s Guide to Cloud Mining with MiningCoop | Bitcoinist.com,https://bitcoinist.com/how-to-earn-passive-crypto-income-in-2025-without-trading-the-beginners-guide-to-cloud-mining-with-miningcoop/,Recent,bitcoinist.com,bitcoinist.com,2025-06-09 13:46:38,Selenium+RSS
Solaxy,1,Just 8 Days to Go in $45M Solana Presale: Is Solaxy the Next 1000x Crypto? - CoinCentral,https://coincentral.com/just-8-days-to-go-in-45m-solana-presale-is-solaxy-the-next-1000x-crypto/,Recent,coincentral.com,coincentral.com,2025-06-09 13:47:42,Selenium+RSS
Solaxy,2,Fast-Growing Solaxy Layer 2 Presale Ends in 10 Days – Is a Coinbase Listing Next?,https://en.cryptonomist.ch/2025/06/06/fast-growing-solaxy-layer-2-presale-ends-in-10-days-is-a-coinbase-listing-next/,Recent,en.cryptonomist.ch,en.cryptonomist.ch,2025-06-09 13:47:42,Selenium+RSS
Solaxy,3,"Ethereum Price Prediction Above $2,600 Sparks Urgency – Can Solaxy Help Solana Keep Up?",https://techpoint.africa/cryptoexplorer/2025/06/08/ethereum-price-prediction-above-2600-sparks-urgency-can-solaxy-help-solana-keep-up/,Recent,techpoint.africa,techpoint.africa,2025-06-09 13:47:42,Selenium+RSS
Solaxy,4,Solaxy (SOLX) Is Exploding Fast — Here's Why It's the Valuable Crypto Picks Before Tier-1 Listings Hit,https://www.cryptoninjas.net/news/solaxy-solx-is-exploding-fast-heres-why-its-the-valuable-crypto-picks-before-tier-1-listings-hit/,Recent,cryptoninjas.net,cryptoninjas.net,2025-06-09 13:47:42,Selenium+RSS
Solaxy,5,"BlockDAG pays 150 million BDAG Daily, Solaxy (SOLX) hits $43 million and BTC bull raises $6.7 million",https://crypto.news/buyers-are-winning-big-in-blockdag-while-solaxy-hits-43m-and-btc-bull-raises-6-7m/,Recent,crypto.news,crypto.news,2025-06-09 13:47:42,Selenium+RSS
BTC Bull,1,"Bitcoin $110K 'bull trap' concerns, James Wynn loses $25M BTC: Hodler’s Digest, June 1 – 7 – Cointelegraph Magazine",https://cointelegraph.com/magazine/metaplanets-acquisition-goal-james-wynn-liquidation-crypto-kidnapper-hodlers-digest/,Recent,cointelegraph.com,cointelegraph.com,2025-06-09 13:49:18,Selenium+RSS
BTC Bull,2,What Is BTC Bull Token: The Meme Coin with $BTC Airdrops,https://bitcoinist.com/what-is-btc-bull-token/,Recent,bitcoinist.com,bitcoinist.com,2025-06-09 13:49:18,Selenium+RSS
BTC Bull,3,Mapping Bitcoin’s Bull Cycle Potential,https://bitcoinmagazine.com/markets/mapping-bitcoins-bull-cycle-potential,Recent,bitcoinmagazine.com,bitcoinmagazine.com,2025-06-09 13:49:18,Selenium+RSS
BTC Bull,4,"Bitcoin Price (BTC) Prediction: Price Bounce to Near $104K, Though Encouraging, Falls Short of Bull Revival",https://www.coindesk.com/markets/2025/06/06/btc-price-bounce-to-near-usd104k-though-encouraging-is-still-short-of-bull-revival,Recent,coindesk.com,coindesk.com,2025-06-09 13:49:18,Selenium+RSS
BTC Bull,5,JD Vance Backs Bitcoin’s $2T Rally – Will BTC Bull Token 10x Next?,https://bitcoinist.com/jd-vance-sparks-bitcoin-buzz-after-2t-rally-btc-bull-token-could-10x-next/,Recent,bitcoinist.com,bitcoinist.com,2025-06-09 13:49:18,Selenium+RSS
CartelFi,1,CartelFi Price Prediction - Is CARTFI Token A Good Investment?,https://en.cryptonomist.ch/2025/05/07/cartelfi-price-prediction-is-cartfi-token-a-good-investment/,Recent,en.cryptonomist.ch,en.cryptonomist.ch,2025-06-09 13:50:49,Selenium+RSS
CartelFi,2,CartelFi: DeFi's first cartel raises $500K in 24 hours,https://cointelegraph.com/press-releases/cartelfi-defis-first-cartel-raises-500-in-24-hours,Recent,cointelegraph.com,cointelegraph.com,2025-06-09 13:50:49,Selenium+RSS
CartelFi,3,Uniswap’s 2025 forecast tanks as CartelFi raises $600k in 3 days,https://crypto.news/uniswap-2025-forecast-tanks-as-cartelfi-raises-600k-in-3-days/,Recent,crypto.news,crypto.news,2025-06-09 13:50:49,Selenium+RSS
CartelFi,4,"Bitcoin Pepe, CartelFi, and PepeX Amongst Best Cryptos Now as Strategic Bitcoin Reserve Bill Passes",https://zycrypto.com/bitcoin-pepe-cartelfi-and-pepex-amongst-best-cryptos-now-as-strategic-bitcoin-reserve-bill-passes/,Recent,zycrypto.com,zycrypto.com,2025-06-09 13:50:49,Selenium+RSS
CartelFi,5,How to Buy CartelFi ($CARTFI) & CartelFi Price Prediction - 99Bitcoins,https://99bitcoins.com/guides-and-tutorials/how-to-buy-cartelfi/,Recent,99bitcoins.com,99bitcoins.com,2025-06-09 13:50:49,Selenium+RSS
XYZVerse,1,"Dogecoin, PEPE, and XYZVerse: Analyzing Trends in the Evolving Meme Coin Market - The Tribune",https://www.tribuneindia.com/partner-exclusives/dogecoin-pepe-and-xyzverse-analyzing-trends-in-the-evolving-meme-coin-market/,Recent,tribuneindia.com,tribuneindia.com,2025-06-09 13:51:43,Selenium+RSS
XYZVerse,2,XYZVerse Presale Races Above $13 Million: Could It Be the Next Big Meme Coin? - Brave New Coin,https://bravenewcoin.com/sponsored/presale/xyzverse-presale-races-above-13-million-could-it-be-the-next-big-meme-coin,Recent,bravenewcoin.com,bravenewcoin.com,2025-06-09 13:51:43,Selenium+RSS
XYZVerse,3,"SUI, XMR market outlook turns bullish, but XYZVerse could offer bigger upside",https://crypto.news/sui-xmr-market-outlook-turns-bullish-but-xyzverse-could-offer-bigger-upside/,Recent,crypto.news,crypto.news,2025-06-09 13:51:43,Selenium+RSS
XYZVerse,4,"Solana, XRP, ADA Price Trends and XYZVerse Eyes Real-World DeFi",https://www.cryptotimes.io/press-release/solana-xrp-ada-price-trends-and-xyzverse-eyes-real-world-defi/,Recent,cryptotimes.io,cryptotimes.io,2025-06-09 13:51:43,Selenium+RSS
XYZVerse,5,How to Buy XYZVerse: XYZ Price Prediction & Better Alternatives,https://99bitcoins.com/guides-and-tutorials/how-to-buy-xyzverse/,Recent,99bitcoins.com,99bitcoins.com,2025-06-09 13:51:43,Selenium+RSS
